original_name,local_path,source_url,description_url,bytes,mime,source_timestamp
003_Conditor_alme.mp3,003_Conditor_alme.mp3,https://liberhymnarius.org/images/a/af/003_Conditor_alme.mp3,https://liberhymnarius.org/index.php?title=File:003_Conditor_alme.mp3,1089413,audio/mp3,2010-11-30T16:06:23Z
004_Te_lucis_Adventus.mp3,004_Te_lucis_Adventus.mp3,https://liberhymnarius.org/images/f/f3/004_Te_lucis_Adventus.mp3,https://liberhymnarius.org/index.php?title=File:004_Te_lucis_Adventus.mp3,1213557,audio/mp3,2010-11-30T15:43:56Z
005_Verbum_supernum.mp3,005_Verbum_supernum.mp3,https://liberhymnarius.org/images/0/0c/005_Verbum_supernum.mp3,https://liberhymnarius.org/index.php?title=File:005_Verbum_supernum.mp3,1402737,audio/mp3,2010-11-30T16:03:44Z
006_Vox_clara.mp3,006_Vox_clara.mp3,https://liberhymnarius.org/images/3/3c/006_Vox_clara.mp3,https://liberhymnarius.org/index.php?title=File:006_Vox_clara.mp3,983944,audio/mp3,2010-11-30T16:05:10Z
007_Nunc_sancte_Adventus.mp3,007_Nunc_sancte_Adventus.mp3,https://liberhymnarius.org/images/9/9c/007_Nunc_sancte_Adventus.mp3,https://liberhymnarius.org/index.php?title=File:007_Nunc_sancte_Adventus.mp3,845808,audio/mp3,2010-11-30T15:59:20Z
008_Rector_potens_Adventus.mp3,008_Rector_potens_Adventus.mp3,https://liberhymnarius.org/images/2/23/008_Rector_potens_Adventus.mp3,https://liberhymnarius.org/index.php?title=File:008_Rector_potens_Adventus.mp3,913054,audio/mp3,2010-11-30T15:52:56Z
008_Rerum_Deus_Adventus.mp3,008_Rerum_Deus_Adventus.mp3,https://liberhymnarius.org/images/f/f2/008_Rerum_Deus_Adventus.mp3,https://liberhymnarius.org/index.php?title=File:008_Rerum_Deus_Adventus.mp3,844802,audio/mp3,2010-11-30T15:46:43Z
009_Christe_qui_splendor.mp3,009_Christe_qui_splendor.mp3,https://liberhymnarius.org/images/3/37/009_Christe_qui_splendor.mp3,https://liberhymnarius.org/index.php?title=File:009_Christe_qui_splendor.mp3,1360099,audio/mp3,2010-12-16T14:32:12Z
009_Verbum_salutis.mp3,009_Verbum_salutis.mp3,https://liberhymnarius.org/images/b/b4/009_Verbum_salutis.mp3,https://liberhymnarius.org/index.php?title=File:009_Verbum_salutis.mp3,1098183,audio/mp3,2010-12-16T14:30:34Z
011_Magnis_prophetae.mp3,011_Magnis_prophetae.mp3,https://liberhymnarius.org/images/8/8f/011_Magnis_prophetae.mp3,https://liberhymnarius.org/index.php?title=File:011_Magnis_prophetae.mp3,1209990,audio/mp3,2010-12-16T14:28:37Z
011_Veni_redemptor.mp3,011_Veni_redemptor.mp3,https://liberhymnarius.org/images/6/6f/011_Veni_redemptor.mp3,https://liberhymnarius.org/index.php?title=File:011_Veni_redemptor.mp3,1260022,audio/mp3,2010-12-16T14:26:13Z
012_Certum_tenentes.mp3,012_Certum_tenentes.mp3,https://liberhymnarius.org/images/2/20/012_Certum_tenentes.mp3,https://liberhymnarius.org/index.php?title=File:012_Certum_tenentes.mp3,1022582,audio/mp3,2010-12-16T14:24:41Z
013_Dicamus_laudes.mp3,013_Dicamus_laudes.mp3,https://liberhymnarius.org/images/f/fa/013_Dicamus_laudes.mp3,https://liberhymnarius.org/index.php?title=File:013_Dicamus_laudes.mp3,1039950,audio/mp3,2010-12-16T14:23:06Z
013_Ternis_horarum.mp3,013_Ternis_horarum.mp3,https://liberhymnarius.org/images/b/ba/013_Ternis_horarum.mp3,https://liberhymnarius.org/index.php?title=File:013_Ternis_horarum.mp3,1010489,audio/mp3,2010-12-16T14:20:28Z
014_Christe_redemptor.mp3,014_Christe_redemptor.mp3,https://liberhymnarius.org/images/4/40/014_Christe_redemptor.mp3,https://liberhymnarius.org/index.php?title=File:014_Christe_redemptor.mp3,1786863,audio/mp3,2010-12-24T20:17:47Z
016_Te_lucis.mp3,016_Te_lucis.mp3,https://liberhymnarius.org/images/4/4b/016_Te_lucis.mp3,https://liberhymnarius.org/index.php?title=File:016_Te_lucis.mp3,848092,audio/mp3,2010-12-24T19:44:34Z
019_Candor_aeternae.mp3,019_Candor_aeternae.mp3,https://liberhymnarius.org/images/7/7e/019_Candor_aeternae.mp3,https://liberhymnarius.org/index.php?title=File:019_Candor_aeternae.mp3,1864189,audio/mp3,2010-12-24T20:16:05Z
022_A_solis_ortus.mp3,022_A_solis_ortus.mp3,https://liberhymnarius.org/images/5/5b/022_A_solis_ortus.mp3,https://liberhymnarius.org/index.php?title=File:022_A_solis_ortus.mp3,1937627,audio/mp3,2010-12-24T20:11:19Z
024_Nunc_Sancte.mp3,024_Nunc_Sancte.mp3,https://liberhymnarius.org/images/2/2a/024_Nunc_Sancte.mp3,https://liberhymnarius.org/index.php?title=File:024_Nunc_Sancte.mp3,610926,audio/mp3,2010-12-24T20:13:52Z
025_Rector_potens.mp3,025_Rector_potens.mp3,https://liberhymnarius.org/images/b/be/025_Rector_potens.mp3,https://liberhymnarius.org/index.php?title=File:025_Rector_potens.mp3,627251,audio/mp3,2010-12-24T20:14:13Z
025_Rerum_Deus.mp3,025_Rerum_Deus.mp3,https://liberhymnarius.org/images/1/14/025_Rerum_Deus.mp3,https://liberhymnarius.org/index.php?title=File:025_Rerum_Deus.mp3,613014,audio/mp3,2010-12-24T20:14:50Z
026_O_lux_beata.mp3,026_O_lux_beata.mp3,https://liberhymnarius.org/images/2/22/026_O_lux_beata.mp3,https://liberhymnarius.org/index.php?title=File:026_O_lux_beata.mp3,1343506,audio/mp3,2010-12-25T18:55:03Z
028_Dulce_fit.mp3,028_Dulce_fit.mp3,https://liberhymnarius.org/images/3/3a/028_Dulce_fit.mp3,https://liberhymnarius.org/index.php?title=File:028_Dulce_fit.mp3,1389898,audio/mp3,2010-12-25T18:54:40Z
029_Christe_splendor.mp3,029_Christe_splendor.mp3,https://liberhymnarius.org/images/e/e6/029_Christe_splendor.mp3,https://liberhymnarius.org/index.php?title=File:029_Christe_splendor.mp3,1387397,audio/mp3,2010-12-25T18:54:12Z
031_Corde_natus.mp3,031_Corde_natus.mp3,https://liberhymnarius.org/images/2/27/031_Corde_natus.mp3,https://liberhymnarius.org/index.php?title=File:031_Corde_natus.mp3,1514661,audio/mp3,2010-12-31T15:44:32Z
033_Radix_Iesse.mp3,033_Radix_Iesse.mp3,https://liberhymnarius.org/images/c/c9/033_Radix_Iesse.mp3,https://liberhymnarius.org/index.php?title=File:033_Radix_Iesse.mp3,1101508,audio/mp3,2010-12-31T15:43:19Z
034_Fit_porta.mp3,034_Fit_porta.mp3,https://liberhymnarius.org/images/2/2e/034_Fit_porta.mp3,https://liberhymnarius.org/index.php?title=File:034_Fit_porta.mp3,1168275,audio/mp3,2010-12-31T15:42:27Z
036_Hostis_Herodes.mp3,036_Hostis_Herodes.mp3,https://liberhymnarius.org/images/1/18/036_Hostis_Herodes.mp3,https://liberhymnarius.org/index.php?title=File:036_Hostis_Herodes.mp3,1304953,audio/mp3,2011-01-05T18:08:19Z
037_Christe_qui.mp3,037_Christe_qui.mp3,https://liberhymnarius.org/images/a/a4/037_Christe_qui.mp3,https://liberhymnarius.org/index.php?title=File:037_Christe_qui.mp3,994302,audio/mp3,2011-01-05T18:16:12Z
038_Magi_videntes.mp3,038_Magi_videntes.mp3,https://liberhymnarius.org/images/6/67/038_Magi_videntes.mp3,https://liberhymnarius.org/index.php?title=File:038_Magi_videntes.mp3,1861360,audio/mp3,2011-01-05T18:11:49Z
040_Quicumque.mp3,040_Quicumque.mp3,https://liberhymnarius.org/images/3/32/040_Quicumque.mp3,https://liberhymnarius.org/index.php?title=File:040_Quicumque.mp3,1838159,audio/mp3,2011-01-05T18:10:09Z
041_Certum_tenentes.mp3,041_Certum_tenentes.mp3,https://liberhymnarius.org/images/e/e0/041_Certum_tenentes.mp3,https://liberhymnarius.org/index.php?title=File:041_Certum_tenentes.mp3,815001,audio/mp3,2011-01-05T18:09:31Z
042_Dicamus_laudes.mp3,042_Dicamus_laudes.mp3,https://liberhymnarius.org/images/a/a7/042_Dicamus_laudes.mp3,https://liberhymnarius.org/index.php?title=File:042_Dicamus_laudes.mp3,801207,audio/mp3,2011-01-05T18:09:02Z
043_A_Patre.mp3,043_A_Patre.mp3,https://liberhymnarius.org/images/2/22/043_A_Patre.mp3,https://liberhymnarius.org/index.php?title=File:043_A_Patre.mp3,1312782,audio/mp3,2011-01-08T11:10:44Z
043_Ternis_horarum.mp3,043_Ternis_horarum.mp3,https://liberhymnarius.org/images/d/d9/043_Ternis_horarum.mp3,https://liberhymnarius.org/index.php?title=File:043_Ternis_horarum.mp3,812179,audio/mp3,2011-01-05T18:08:40Z
045_Implemente.mp3,045_Implemente.mp3,https://liberhymnarius.org/images/5/57/045_Implemente.mp3,https://liberhymnarius.org/index.php?title=File:045_Implemente.mp3,1311845,audio/mp3,2011-01-08T11:09:51Z
046_Iesus_refulsit.mp3,046_Iesus_refulsit.mp3,https://liberhymnarius.org/images/4/40/046_Iesus_refulsit.mp3,https://liberhymnarius.org/index.php?title=File:046_Iesus_refulsit.mp3,1507141,audio/mp3,2011-01-08T11:08:39Z
101_Iam_Christus.mp3,101_Iam_Christus.mp3,https://liberhymnarius.org/images/3/3e/101_Iam_Christus.mp3,https://liberhymnarius.org/index.php?title=File:101_Iam_Christus.mp3,1102136,audio/mp3,2011-06-07T09:16:54Z
103_Venite_servi.mp3,103_Venite_servi.mp3,https://liberhymnarius.org/images/5/5d/103_Venite_servi.mp3,https://liberhymnarius.org/index.php?title=File:103_Venite_servi.mp3,882081,audio/mp3,2011-06-07T09:15:56Z
104_Haec_hora.mp3,104_Haec_hora.mp3,https://liberhymnarius.org/images/c/cf/104_Haec_hora.mp3,https://liberhymnarius.org/index.php?title=File:104_Haec_hora.mp3,900259,audio/mp3,2011-06-07T09:14:11Z
105_Immensa.mp3,105_Immensa.mp3,https://liberhymnarius.org/images/2/2b/105_Immensa.mp3,https://liberhymnarius.org/index.php?title=File:105_Immensa.mp3,1551542,audio/mp3,2011-06-18T17:45:14Z
107_Te_Patrem.mp3,107_Te_Patrem.mp3,https://liberhymnarius.org/images/c/c1/107_Te_Patrem.mp3,https://liberhymnarius.org/index.php?title=File:107_Te_Patrem.mp3,1299097,audio/mp3,2011-06-18T17:44:59Z
108_Trinitas.mp3,108_Trinitas.mp3,https://liberhymnarius.org/images/a/aa/108_Trinitas.mp3,https://liberhymnarius.org/index.php?title=File:108_Trinitas.mp3,2232817,audio/mp3,2011-06-18T17:44:43Z
110_Pange_lingua.mp3,110_Pange_lingua.mp3,https://liberhymnarius.org/images/d/d4/110_Pange_lingua.mp3,https://liberhymnarius.org/index.php?title=File:110_Pange_lingua.mp3,2314741,audio/mp3,2011-06-22T06:27:08Z
113_Sacris_solemniis.mp3,113_Sacris_solemniis.mp3,https://liberhymnarius.org/images/d/dc/113_Sacris_solemniis.mp3,https://liberhymnarius.org/index.php?title=File:113_Sacris_solemniis.mp3,2811698,audio/mp3,2011-06-22T20:18:50Z
115_Verbum_supernum.mp3,115_Verbum_supernum.mp3,https://liberhymnarius.org/images/8/8d/115_Verbum_supernum.mp3,https://liberhymnarius.org/index.php?title=File:115_Verbum_supernum.mp3,2164696,audio/mp3,2011-06-22T20:21:10Z
122_Te_saeculorum_1.mp3,122_Te_saeculorum_1.mp3,https://liberhymnarius.org/images/3/39/122_Te_saeculorum_1.mp3,https://liberhymnarius.org/index.php?title=File:122_Te_saeculorum_1.mp3,2355806,audio/mp3,2011-11-19T08:25:32Z
124-iesu_rex_admirabilis.mp3,124-iesu_rex_admirabilis.mp3,https://liberhymnarius.org/images/6/64/124-iesu_rex_admirabilis.mp3,https://liberhymnarius.org/index.php?title=File:124-iesu_rex_admirabilis.mp3,1621870,audio/mp3,2012-01-24T14:47:01Z
125_Aeterna_imago.mp3,125_Aeterna_imago.mp3,https://liberhymnarius.org/images/7/73/125_Aeterna_imago.mp3,https://liberhymnarius.org/index.php?title=File:125_Aeterna_imago.mp3,2177128,audio/mp3,2011-11-19T08:28:27Z
126_Dies_irae_1.mp3,126_Dies_irae_1.mp3,https://liberhymnarius.org/images/b/b5/126_Dies_irae_1.mp3,https://liberhymnarius.org/index.php?title=File:126_Dies_irae_1.mp3,1914332,audio/mp3,2011-11-19T08:27:45Z
128_Quid_sum_miser_1.mp3,128_Quid_sum_miser_1.mp3,https://liberhymnarius.org/images/9/90/128_Quid_sum_miser_1.mp3,https://liberhymnarius.org/index.php?title=File:128_Quid_sum_miser_1.mp3,2043905,audio/mp3,2011-11-19T08:26:59Z
129_Peccatricem_1.mp3,129_Peccatricem_1.mp3,https://liberhymnarius.org/images/7/79/129_Peccatricem_1.mp3,https://liberhymnarius.org/index.php?title=File:129_Peccatricem_1.mp3,1930530,audio/mp3,2011-11-19T08:26:21Z
181-deus_creator_omnium.mp3,181-deus_creator_omnium.mp3,https://liberhymnarius.org/images/0/08/181-deus_creator_omnium.mp3,https://liberhymnarius.org/index.php?title=File:181-deus_creator_omnium.mp3,2280606,audio/mp3,2012-01-21T14:53:10Z
182_Primo_dierum.mp3,182_Primo_dierum.mp3,https://liberhymnarius.org/images/6/6c/182_Primo_dierum.mp3,https://liberhymnarius.org/index.php?title=File:182_Primo_dierum.mp3,1414455,audio/mp3,2010-09-22T10:54:48Z
183-dies_aetasque_ceteris.mp3,183-dies_aetasque_ceteris.mp3,https://liberhymnarius.org/images/2/2b/183-dies_aetasque_ceteris.mp3,https://liberhymnarius.org/index.php?title=File:183-dies_aetasque_ceteris.mp3,1714239,audio/mp3,2012-01-21T15:15:57Z
184_Aeterne_rerum_conditor.mp3,184_Aeterne_rerum_conditor.mp3,https://liberhymnarius.org/images/4/42/184_Aeterne_rerum_conditor.mp3,https://liberhymnarius.org/index.php?title=File:184_Aeterne_rerum_conditor.mp3,1671065,audio/mp3,2010-09-19T06:54:38Z
"185_Nunc,_Sancte_in_dominicis.mp3","185_Nunc,_Sancte_in_dominicis.mp3",https://liberhymnarius.org/images/3/3d/185_Nunc%2C_Sancte_in_dominicis.mp3,"https://liberhymnarius.org/index.php?title=File:185_Nunc,_Sancte_in_dominicis.mp3",798787,audio/mp3,2010-09-19T06:56:16Z
186-nunc_sancte_in_sollemnitatibus.mp3,186-nunc_sancte_in_sollemnitatibus.mp3,https://liberhymnarius.org/images/2/2a/186-nunc_sancte_in_sollemnitatibus.mp3,https://liberhymnarius.org/index.php?title=File:186-nunc_sancte_in_sollemnitatibus.mp3,2071700,audio/mp3,2012-02-11T16:12:26Z
186_Rector_potens_in_dominics.mp3,186_Rector_potens_in_dominics.mp3,https://liberhymnarius.org/images/e/e3/186_Rector_potens_in_dominics.mp3,https://liberhymnarius.org/index.php?title=File:186_Rector_potens_in_dominics.mp3,811743,audio/mp3,2010-09-19T07:01:44Z
187-rector_potens_in_sollemnitatibus.mp3,187-rector_potens_in_sollemnitatibus.mp3,https://liberhymnarius.org/images/5/58/187-rector_potens_in_sollemnitatibus.mp3,https://liberhymnarius.org/index.php?title=File:187-rector_potens_in_sollemnitatibus.mp3,2230316,audio/mp3,2012-02-09T13:34:19Z
"187_Rerum,_Deus_in_dominicis.mp3","187_Rerum,_Deus_in_dominicis.mp3",https://liberhymnarius.org/images/e/e9/187_Rerum%2C_Deus_in_dominicis.mp3,"https://liberhymnarius.org/index.php?title=File:187_Rerum,_Deus_in_dominicis.mp3",827207,audio/mp3,2010-09-19T07:05:45Z
188-lucis_creator_optime.mp3,188-lucis_creator_optime.mp3,https://liberhymnarius.org/images/7/70/188-lucis_creator_optime.mp3,https://liberhymnarius.org/index.php?title=File:188-lucis_creator_optime.mp3,2011825,audio/mp3,2012-01-27T11:36:32Z
188-rerum_deus_in_sollemnitatibus.mp3,188-rerum_deus_in_sollemnitatibus.mp3,https://liberhymnarius.org/images/8/8c/188-rerum_deus_in_sollemnitatibus.mp3,https://liberhymnarius.org/index.php?title=File:188-rerum_deus_in_sollemnitatibus.mp3,2163234,audio/mp3,2012-02-09T13:52:48Z
190_Aeterna_lux.mp3,190_Aeterna_lux.mp3,https://liberhymnarius.org/images/7/7d/190_Aeterna_lux.mp3,https://liberhymnarius.org/index.php?title=File:190_Aeterna_lux.mp3,1016871,audio/mp3,2011-06-12T14:17:31Z
190_Somno_refectis.mp3,190_Somno_refectis.mp3,https://liberhymnarius.org/images/8/87/190_Somno_refectis.mp3,https://liberhymnarius.org/index.php?title=File:190_Somno_refectis.mp3,1343404,audio/mp3,2010-09-22T10:53:31Z
191_Splendor_paternae.mp3,191_Splendor_paternae.mp3,https://liberhymnarius.org/images/7/7f/191_Splendor_paternae.mp3,https://liberhymnarius.org/index.php?title=File:191_Splendor_paternae.mp3,1200257,audio/mp3,2011-06-12T14:17:18Z
"192_Nunc,_Sance_in_memoriis.mp3","192_Nunc,_Sance_in_memoriis.mp3",https://liberhymnarius.org/images/5/5e/192_Nunc%2C_Sance_in_memoriis.mp3,"https://liberhymnarius.org/index.php?title=File:192_Nunc,_Sance_in_memoriis.mp3",817215,audio/mp3,2010-09-09T08:48:13Z
"192_Nunc,_Sancte_in_feriis.mp3","192_Nunc,_Sancte_in_feriis.mp3",https://liberhymnarius.org/images/0/0f/192_Nunc%2C_Sancte_in_feriis.mp3,"https://liberhymnarius.org/index.php?title=File:192_Nunc,_Sancte_in_feriis.mp3",670928,audio/mp3,2010-09-09T08:47:28Z
"192_Nunc,_Sancte_in_festis.mp3","192_Nunc,_Sancte_in_festis.mp3",https://liberhymnarius.org/images/4/4f/192_Nunc%2C_Sancte_in_festis.mp3,"https://liberhymnarius.org/index.php?title=File:192_Nunc,_Sancte_in_festis.mp3",808855,audio/mp3,2010-09-09T08:45:42Z
193_Rector_potens_in_feriis.mp3,193_Rector_potens_in_feriis.mp3,https://liberhymnarius.org/images/0/0a/193_Rector_potens_in_feriis.mp3,https://liberhymnarius.org/index.php?title=File:193_Rector_potens_in_feriis.mp3,629133,audio/mp3,2010-09-09T12:32:55Z
193_Rector_potens_in_festis.mp3,193_Rector_potens_in_festis.mp3,https://liberhymnarius.org/images/0/0e/193_Rector_potens_in_festis.mp3,https://liberhymnarius.org/index.php?title=File:193_Rector_potens_in_festis.mp3,829336,audio/mp3,2010-09-09T12:31:30Z
193_Rector_potens_in_memoriis.mp3,193_Rector_potens_in_memoriis.mp3,https://liberhymnarius.org/images/4/47/193_Rector_potens_in_memoriis.mp3,https://liberhymnarius.org/index.php?title=File:193_Rector_potens_in_memoriis.mp3,799663,audio/mp3,2010-09-09T12:30:53Z
"194_Rerum,_Deus_in_feriis.mp3","194_Rerum,_Deus_in_feriis.mp3",https://liberhymnarius.org/images/2/23/194_Rerum%2C_Deus_in_feriis.mp3,"https://liberhymnarius.org/index.php?title=File:194_Rerum,_Deus_in_feriis.mp3",674271,audio/mp3,2010-09-09T06:24:22Z
"194_Rerum,_Deus_in_festis.mp3","194_Rerum,_Deus_in_festis.mp3",https://liberhymnarius.org/images/0/0c/194_Rerum%2C_Deus_in_festis.mp3,"https://liberhymnarius.org/index.php?title=File:194_Rerum,_Deus_in_festis.mp3",825990,audio/mp3,2010-09-09T06:23:25Z
"194_Rerum,_Deus_in_memoriis.mp3","194_Rerum,_Deus_in_memoriis.mp3",https://liberhymnarius.org/images/3/3d/194_Rerum%2C_Deus_in_memoriis.mp3,"https://liberhymnarius.org/index.php?title=File:194_Rerum,_Deus_in_memoriis.mp3",817633,audio/mp3,2010-09-09T06:22:19Z
195_Immense_caeli.mp3,195_Immense_caeli.mp3,https://liberhymnarius.org/images/6/6e/195_Immense_caeli.mp3,https://liberhymnarius.org/index.php?title=File:195_Immense_caeli.mp3,787727,audio/mp3,2011-06-12T14:17:01Z
196_Consors_paterni.mp3,196_Consors_paterni.mp3,https://liberhymnarius.org/images/9/92/196_Consors_paterni.mp3,https://liberhymnarius.org/index.php?title=File:196_Consors_paterni.mp3,1062118,audio/mp3,2010-09-22T10:52:17Z
196_O_Sacrosancta_Trinitas.mp3,196_O_Sacrosancta_Trinitas.mp3,https://liberhymnarius.org/images/3/3c/196_O_Sacrosancta_Trinitas.mp3,https://liberhymnarius.org/index.php?title=File:196_O_Sacrosancta_Trinitas.mp3,741970,audio/mp3,2011-06-13T10:29:13Z
197_Pergrata_mundo.mp3,197_Pergrata_mundo.mp3,https://liberhymnarius.org/images/9/9c/197_Pergrata_mundo.mp3,https://liberhymnarius.org/index.php?title=File:197_Pergrata_mundo.mp3,927849,audio/mp3,2011-06-13T10:28:54Z
198_Rerum_creator.mp3,198_Rerum_creator.mp3,https://liberhymnarius.org/images/8/86/198_Rerum_creator.mp3,https://liberhymnarius.org/index.php?title=File:198_Rerum_creator.mp3,1316235,audio/mp3,2010-09-22T10:51:24Z
198_Telluris_ingens.mp3,198_Telluris_ingens.mp3,https://liberhymnarius.org/images/2/28/198_Telluris_ingens.mp3,https://liberhymnarius.org/index.php?title=File:198_Telluris_ingens.mp3,833809,audio/mp3,2011-06-13T10:28:36Z
199_Nox_et_tenebrae.mp3,199_Nox_et_tenebrae.mp3,https://liberhymnarius.org/images/6/6f/199_Nox_et_tenebrae.mp3,https://liberhymnarius.org/index.php?title=File:199_Nox_et_tenebrae.mp3,1303282,audio/mp3,2011-06-14T15:03:20Z
199_Scientiarum.mp3,199_Scientiarum.mp3,https://liberhymnarius.org/images/a/a5/199_Scientiarum.mp3,https://liberhymnarius.org/index.php?title=File:199_Scientiarum.mp3,1053339,audio/mp3,2011-06-14T15:02:32Z
200_Caeli_Deus.mp3,200_Caeli_Deus.mp3,https://liberhymnarius.org/images/0/00/200_Caeli_Deus.mp3,https://liberhymnarius.org/index.php?title=File:200_Caeli_Deus.mp3,1152812,audio/mp3,2011-06-14T15:03:00Z
201_Christe_precamur.mp3,201_Christe_precamur.mp3,https://liberhymnarius.org/images/9/97/201_Christe_precamur.mp3,https://liberhymnarius.org/index.php?title=File:201_Christe_precamur.mp3,1200048,audio/mp3,2011-06-15T10:57:09Z
201_Nox_atra_rerum.mp3,201_Nox_atra_rerum.mp3,https://liberhymnarius.org/images/c/ca/201_Nox_atra_rerum.mp3,https://liberhymnarius.org/index.php?title=File:201_Nox_atra_rerum.mp3,1283635,audio/mp3,2010-09-22T10:50:13Z
202_Magnae_Deus.mp3,202_Magnae_Deus.mp3,https://liberhymnarius.org/images/7/7c/202_Magnae_Deus.mp3,https://liberhymnarius.org/index.php?title=File:202_Magnae_Deus.mp3,1100150,audio/mp3,2011-06-15T10:57:42Z
202_Sol_ecce.mp3,202_Sol_ecce.mp3,https://liberhymnarius.org/images/7/70/202_Sol_ecce.mp3,https://liberhymnarius.org/index.php?title=File:202_Sol_ecce.mp3,1249359,audio/mp3,2011-06-15T10:57:27Z
203_Tu_Trinitatis_Unitas.mp3,203_Tu_Trinitatis_Unitas.mp3,https://liberhymnarius.org/images/8/8b/203_Tu_Trinitatis_Unitas.mp3,https://liberhymnarius.org/index.php?title=File:203_Tu_Trinitatis_Unitas.mp3,1288239,audio/mp3,2010-09-22T10:49:11Z
204_Adesto.mp3,204_Adesto.mp3,https://liberhymnarius.org/images/1/1f/204_Adesto.mp3,https://liberhymnarius.org/index.php?title=File:204_Adesto.mp3,1008612,audio/mp3,2011-06-16T10:51:53Z
204_Aeterna.mp3,204_Aeterna.mp3,https://liberhymnarius.org/images/b/bb/204_Aeterna.mp3,https://liberhymnarius.org/index.php?title=File:204_Aeterna.mp3,1258553,audio/mp3,2011-06-16T10:52:24Z
205_Plasmator.mp3,205_Plasmator.mp3,https://liberhymnarius.org/images/1/12/205_Plasmator.mp3,https://liberhymnarius.org/index.php?title=File:205_Plasmator.mp3,1076325,audio/mp3,2011-06-16T10:52:11Z
206_Auctor_perennis.mp3,206_Auctor_perennis.mp3,https://liberhymnarius.org/images/3/31/206_Auctor_perennis.mp3,https://liberhymnarius.org/index.php?title=File:206_Auctor_perennis.mp3,1275997,audio/mp3,2010-10-23T13:09:14Z
206_Summae_Deus.mp3,206_Summae_Deus.mp3,https://liberhymnarius.org/images/6/6c/206_Summae_Deus.mp3,https://liberhymnarius.org/index.php?title=File:206_Summae_Deus.mp3,1313307,audio/mp3,2010-09-22T10:48:04Z
207_Aurora_iam.mp3,207_Aurora_iam.mp3,https://liberhymnarius.org/images/f/fe/207_Aurora_iam.mp3,https://liberhymnarius.org/index.php?title=File:207_Aurora_iam.mp3,768921,audio/mp3,2010-10-23T11:01:49Z
209_Mediae_noctis.mp3,209_Mediae_noctis.mp3,https://liberhymnarius.org/images/5/5a/209_Mediae_noctis.mp3,https://liberhymnarius.org/index.php?title=File:209_Mediae_noctis.mp3,1331286,audio/mp3,2010-10-23T11:00:22Z
210_Salve_dies.mp3,210_Salve_dies.mp3,https://liberhymnarius.org/images/7/77/210_Salve_dies.mp3,https://liberhymnarius.org/index.php?title=File:210_Salve_dies.mp3,1772371,audio/mp3,2010-10-23T10:58:03Z
212_Ecce_iam_noctis.mp3,212_Ecce_iam_noctis.mp3,https://liberhymnarius.org/images/c/ca/212_Ecce_iam_noctis.mp3,https://liberhymnarius.org/index.php?title=File:212_Ecce_iam_noctis.mp3,980527,audio/mp3,2010-10-23T10:54:21Z
213-certum_tenentes_in_sollemnitatibus.mp3,213-certum_tenentes_in_sollemnitatibus.mp3,https://liberhymnarius.org/images/2/29/213-certum_tenentes_in_sollemnitatibus.mp3,https://liberhymnarius.org/index.php?title=File:213-certum_tenentes_in_sollemnitatibus.mp3,2686100,audio/mp3,2012-02-11T16:28:30Z
"213_Certum_tenentes,_in_dominicis.mp3","213_Certum_tenentes,_in_dominicis.mp3",https://liberhymnarius.org/images/4/41/213_Certum_tenentes%2C_in_dominicis.mp3,"https://liberhymnarius.org/index.php?title=File:213_Certum_tenentes,_in_dominicis.mp3",864050,audio/mp3,2010-10-03T11:02:14Z
214-dicamus_laudes_in_sollemnitatibus.mp3,214-dicamus_laudes_in_sollemnitatibus.mp3,https://liberhymnarius.org/images/8/80/214-dicamus_laudes_in_sollemnitatibus.mp3,https://liberhymnarius.org/index.php?title=File:214-dicamus_laudes_in_sollemnitatibus.mp3,2612122,audio/mp3,2012-02-11T16:39:49Z
"214_Dicamus_laudes,_in_dominicis.mp3","214_Dicamus_laudes,_in_dominicis.mp3",https://liberhymnarius.org/images/a/a4/214_Dicamus_laudes%2C_in_dominicis.mp3,"https://liberhymnarius.org/index.php?title=File:214_Dicamus_laudes,_in_dominicis.mp3",856968,audio/mp3,2010-10-03T11:10:03Z
215-o_lux_beata_trinitas.mp3,215-o_lux_beata_trinitas.mp3,https://liberhymnarius.org/images/f/fc/215-o_lux_beata_trinitas.mp3,https://liberhymnarius.org/index.php?title=File:215-o_lux_beata_trinitas.mp3,1081900,audio/mp3,2012-01-21T13:49:08Z
215-ternis_horarum_in_sollemnitatibus.mp3,215-ternis_horarum_in_sollemnitatibus.mp3,https://liberhymnarius.org/images/2/2a/215-ternis_horarum_in_sollemnitatibus.mp3,https://liberhymnarius.org/index.php?title=File:215-ternis_horarum_in_sollemnitatibus.mp3,2602091,audio/mp3,2012-02-11T16:52:58Z
"215_Ternis_horarum,_in_dominicis.mp3","215_Ternis_horarum,_in_dominicis.mp3",https://liberhymnarius.org/images/a/a9/215_Ternis_horarum%2C_in_dominicis.mp3,"https://liberhymnarius.org/index.php?title=File:215_Ternis_horarum,_in_dominicis.mp3",873673,audio/mp3,2010-10-04T14:53:45Z
217_Ipsum_nunc.mp3,217_Ipsum_nunc.mp3,https://liberhymnarius.org/images/5/58/217_Ipsum_nunc.mp3,https://liberhymnarius.org/index.php?title=File:217_Ipsum_nunc.mp3,909553,audio/mp3,2010-10-23T10:53:09Z
217_Vita_sanctorum.mp3,217_Vita_sanctorum.mp3,https://liberhymnarius.org/images/e/e9/217_Vita_sanctorum.mp3,https://liberhymnarius.org/index.php?title=File:217_Vita_sanctorum.mp3,1296176,audio/mp3,2011-06-19T15:42:40Z
218_Lucis_largitor.mp3,218_Lucis_largitor.mp3,https://liberhymnarius.org/images/9/98/218_Lucis_largitor.mp3,https://liberhymnarius.org/index.php?title=File:218_Lucis_largitor.mp3,1113528,audio/mp3,2011-06-19T16:05:29Z
"219_Certum_tenentes,_in_memoriis.mp3","219_Certum_tenentes,_in_memoriis.mp3",https://liberhymnarius.org/images/2/23/219_Certum_tenentes%2C_in_memoriis.mp3,"https://liberhymnarius.org/index.php?title=File:219_Certum_tenentes,_in_memoriis.mp3",1032051,audio/mp3,2010-09-09T12:42:37Z
219_Certum_tenentes_in_feriis.mp3,219_Certum_tenentes_in_feriis.mp3,https://liberhymnarius.org/images/5/5f/219_Certum_tenentes_in_feriis.mp3,https://liberhymnarius.org/index.php?title=File:219_Certum_tenentes_in_feriis.mp3,853997,audio/mp3,2010-09-09T12:43:29Z
"220_Certum_tenentes,_in_festis.mp3","220_Certum_tenentes,_in_festis.mp3",https://liberhymnarius.org/images/1/1f/220_Certum_tenentes%2C_in_festis.mp3,"https://liberhymnarius.org/index.php?title=File:220_Certum_tenentes,_in_festis.mp3",1076353,audio/mp3,2010-09-09T12:41:52Z
"220_Dicamus_laudes,_in_feriis.mp3","220_Dicamus_laudes,_in_feriis.mp3",https://liberhymnarius.org/images/2/23/220_Dicamus_laudes%2C_in_feriis.mp3,"https://liberhymnarius.org/index.php?title=File:220_Dicamus_laudes,_in_feriis.mp3",701845,audio/mp3,2010-10-04T14:55:00Z
"221_Dicamus_laudes,_in_festis.mp3","221_Dicamus_laudes,_in_festis.mp3",https://liberhymnarius.org/images/2/20/221_Dicamus_laudes%2C_in_festis.mp3,"https://liberhymnarius.org/index.php?title=File:221_Dicamus_laudes,_in_festis.mp3",869176,audio/mp3,2010-10-04T14:57:51Z
"221_Dicamus_laudes,_in_memoriis.mp3","221_Dicamus_laudes,_in_memoriis.mp3",https://liberhymnarius.org/images/b/bf/221_Dicamus_laudes%2C_in_memoriis.mp3,"https://liberhymnarius.org/index.php?title=File:221_Dicamus_laudes,_in_memoriis.mp3",870819,audio/mp3,2010-10-04T15:00:09Z
221_Ternis_horarum_in_feriis.mp3,221_Ternis_horarum_in_feriis.mp3,https://liberhymnarius.org/images/a/a9/221_Ternis_horarum_in_feriis.mp3,https://liberhymnarius.org/index.php?title=File:221_Ternis_horarum_in_feriis.mp3,721358,audio/mp3,2010-10-04T15:03:35Z
"222_Ternis_horarum,_in_festis.mp3","222_Ternis_horarum,_in_festis.mp3",https://liberhymnarius.org/images/0/02/222_Ternis_horarum%2C_in_festis.mp3,"https://liberhymnarius.org/index.php?title=File:222_Ternis_horarum,_in_festis.mp3",869242,audio/mp3,2010-10-04T15:05:18Z
"222_Ternis_horarum,_in_memoriis.mp3","222_Ternis_horarum,_in_memoriis.mp3",https://liberhymnarius.org/images/6/63/222_Ternis_horarum%2C_in_memoriis.mp3,"https://liberhymnarius.org/index.php?title=File:222_Ternis_horarum,_in_memoriis.mp3",889516,audio/mp3,2010-10-04T15:07:42Z
223_Luminis_fons.mp3,223_Luminis_fons.mp3,https://liberhymnarius.org/images/e/e0/223_Luminis_fons.mp3,https://liberhymnarius.org/index.php?title=File:223_Luminis_fons.mp3,1665232,audio/mp3,2011-06-19T15:44:22Z
224_Nocte_surgentes.mp3,224_Nocte_surgentes.mp3,https://liberhymnarius.org/images/0/0a/224_Nocte_surgentes.mp3,https://liberhymnarius.org/index.php?title=File:224_Nocte_surgentes.mp3,909575,audio/mp3,2010-10-23T10:51:36Z
225_Ad_preces_nostras.mp3,225_Ad_preces_nostras.mp3,https://liberhymnarius.org/images/f/f5/225_Ad_preces_nostras.mp3,https://liberhymnarius.org/index.php?title=File:225_Ad_preces_nostras.mp3,1333378,audio/mp3,2011-06-20T15:47:35Z
226_Aeterne_lucis_conditor.mp3,226_Aeterne_lucis_conditor.mp3,https://liberhymnarius.org/images/0/0b/226_Aeterne_lucis_conditor.mp3,https://liberhymnarius.org/index.php?title=File:226_Aeterne_lucis_conditor.mp3,1594607,audio/mp3,2011-06-20T15:48:40Z
227_Sator_princepsque.mp3,227_Sator_princepsque.mp3,https://liberhymnarius.org/images/b/b2/227_Sator_princepsque.mp3,https://liberhymnarius.org/index.php?title=File:227_Sator_princepsque.mp3,821795,audio/mp3,2011-06-20T15:49:09Z
228_O_sator_rerum.mp3,228_O_sator_rerum.mp3,https://liberhymnarius.org/images/8/86/228_O_sator_rerum.mp3,https://liberhymnarius.org/index.php?title=File:228_O_sator_rerum.mp3,1602135,audio/mp3,2010-10-23T13:09:43Z
229_Christe_lux.mp3,229_Christe_lux.mp3,https://liberhymnarius.org/images/6/62/229_Christe_lux.mp3,https://liberhymnarius.org/index.php?title=File:229_Christe_lux.mp3,1340059,audio/mp3,2011-06-21T18:23:45Z
230_Fulgentis.mp3,230_Fulgentis.mp3,https://liberhymnarius.org/images/5/51/230_Fulgentis.mp3,https://liberhymnarius.org/index.php?title=File:230_Fulgentis.mp3,1423649,audio/mp3,2011-06-21T18:30:03Z
231_Sol_ecce.mp3,231_Sol_ecce.mp3,https://liberhymnarius.org/images/d/de/231_Sol_ecce.mp3,https://liberhymnarius.org/index.php?title=File:231_Sol_ecce.mp3,1235148,audio/mp3,2011-06-21T18:26:01Z
232_Ales_diei.mp3,232_Ales_diei.mp3,https://liberhymnarius.org/images/8/83/232_Ales_diei.mp3,https://liberhymnarius.org/index.php?title=File:232_Ales_diei.mp3,1239595,audio/mp3,2010-10-23T13:10:14Z
232_Amoris_sensus.mp3,232_Amoris_sensus.mp3,https://liberhymnarius.org/images/5/56/232_Amoris_sensus.mp3,https://liberhymnarius.org/index.php?title=File:232_Amoris_sensus.mp3,1030353,audio/mp3,2011-06-22T20:16:51Z
233_Deus_qui.mp3,233_Deus_qui.mp3,https://liberhymnarius.org/images/4/43/233_Deus_qui.mp3,https://liberhymnarius.org/index.php?title=File:233_Deus_qui.mp3,977267,audio/mp3,2011-06-22T20:16:09Z
233_Iam_lucis.mp3,233_Iam_lucis.mp3,https://liberhymnarius.org/images/9/9f/233_Iam_lucis.mp3,https://liberhymnarius.org/index.php?title=File:233_Iam_lucis.mp3,1092207,audio/mp3,2011-06-22T20:15:19Z
234_Galli_cantu.mp3,234_Galli_cantu.mp3,https://liberhymnarius.org/images/7/7d/234_Galli_cantu.mp3,https://liberhymnarius.org/index.php?title=File:234_Galli_cantu.mp3,1256287,audio/mp3,2010-10-23T13:10:37Z
235-adesto_rerum_conditor.mp3,235-adesto_rerum_conditor.mp3,https://liberhymnarius.org/images/3/34/235-adesto_rerum_conditor.mp3,https://liberhymnarius.org/index.php?title=File:235-adesto_rerum_conditor.mp3,1107363,audio/mp3,2012-01-20T23:01:26Z
236-deus_qui_caeli_lumen_es.mp3,236-deus_qui_caeli_lumen_es.mp3,https://liberhymnarius.org/images/7/7b/236-deus_qui_caeli_lumen_es.mp3,https://liberhymnarius.org/index.php?title=File:236-deus_qui_caeli_lumen_es.mp3,1558794,audio/mp3,2012-01-21T14:09:42Z
236-horis_peractis_undecim.mp3,236-horis_peractis_undecim.mp3,https://liberhymnarius.org/images/5/59/236-horis_peractis_undecim.mp3,https://liberhymnarius.org/index.php?title=File:236-horis_peractis_undecim.mp3,1122828,audio/mp3,2012-01-20T22:39:09Z
237_Lux_aeterna.mp3,237_Lux_aeterna.mp3,https://liberhymnarius.org/images/7/76/237_Lux_aeterna.mp3,https://liberhymnarius.org/index.php?title=File:237_Lux_aeterna.mp3,1222628,audio/mp3,2010-10-23T13:11:01Z
238_Deus_de_nullo.mp3,238_Deus_de_nullo.mp3,https://liberhymnarius.org/images/8/80/238_Deus_de_nullo.mp3,https://liberhymnarius.org/index.php?title=File:238_Deus_de_nullo.mp3,1166195,audio/mp3,2010-10-23T13:13:05Z
239_Diei_luce.mp3,239_Diei_luce.mp3,https://liberhymnarius.org/images/2/2c/239_Diei_luce.mp3,https://liberhymnarius.org/index.php?title=File:239_Diei_luce.mp3,880327,audio/mp3,2010-10-23T13:13:28Z
"241_Te_lucis,_in_feriis.mp3","241_Te_lucis,_in_feriis.mp3",https://liberhymnarius.org/images/7/75/241_Te_lucis%2C_in_feriis.mp3,"https://liberhymnarius.org/index.php?title=File:241_Te_lucis,_in_feriis.mp3",899549,audio/mp3,2010-09-08T19:01:33Z
"241_Te_lucis,_in_festis.mp3","241_Te_lucis,_in_festis.mp3",https://liberhymnarius.org/images/c/c3/241_Te_lucis%2C_in_festis.mp3,"https://liberhymnarius.org/index.php?title=File:241_Te_lucis,_in_festis.mp3",1077599,audio/mp3,2010-09-08T18:44:55Z
"241_Te_lucis,_in_memoriis.mp3","241_Te_lucis,_in_memoriis.mp3",https://liberhymnarius.org/images/b/b9/241_Te_lucis%2C_in_memoriis.mp3,"https://liberhymnarius.org/index.php?title=File:241_Te_lucis,_in_memoriis.mp3",972276,audio/mp3,2010-09-08T20:35:59Z
"242_Te_lucis,_in_Dominicis.mp3","242_Te_lucis,_in_Dominicis.mp3",https://liberhymnarius.org/images/e/e8/242_Te_lucis%2C_in_Dominicis.mp3,"https://liberhymnarius.org/index.php?title=File:242_Te_lucis,_in_Dominicis.mp3",1121488,audio/mp3,2010-09-08T20:33:03Z
"242_Te_lucis,_in_sollemnitatibus.mp3","242_Te_lucis,_in_sollemnitatibus.mp3",https://liberhymnarius.org/images/b/bc/242_Te_lucis%2C_in_sollemnitatibus.mp3,"https://liberhymnarius.org/index.php?title=File:242_Te_lucis,_in_sollemnitatibus.mp3",1144482,audio/mp3,2010-09-08T20:26:43Z
243-christe_qui_splendor_in_festis.mp3,243-christe_qui_splendor_in_festis.mp3,https://liberhymnarius.org/images/4/4f/243-christe_qui_splendor_in_festis.mp3,https://liberhymnarius.org/index.php?title=File:243-christe_qui_splendor_in_festis.mp3,1520765,audio/mp3,2012-01-27T12:32:22Z
243_Christe_qui_splendor_in_feriis.mp3,243_Christe_qui_splendor_in_feriis.mp3,https://liberhymnarius.org/images/9/9d/243_Christe_qui_splendor_in_feriis.mp3,https://liberhymnarius.org/index.php?title=File:243_Christe_qui_splendor_in_feriis.mp3,965586,audio/mp3,2011-06-20T15:50:24Z
243_Christe_qui_splendor_in_memoriis.mp3,243_Christe_qui_splendor_in_memoriis.mp3,https://liberhymnarius.org/images/e/ea/243_Christe_qui_splendor_in_memoriis.mp3,https://liberhymnarius.org/index.php?title=File:243_Christe_qui_splendor_in_memoriis.mp3,1031208,audio/mp3,2011-06-20T15:49:41Z
244-christe_qui_splendor_in_dominicis_pa.mp3,244-christe_qui_splendor_in_dominicis_pa.mp3,https://liberhymnarius.org/images/a/af/244-christe_qui_splendor_in_dominicis_pa.mp3,https://liberhymnarius.org/index.php?title=File:244-christe_qui_splendor_in_dominicis_pa.mp3,1628178,audio/mp3,2012-02-05T09:36:32Z
244-christe_qui_splendor_in_sollemnitatibus.mp3,244-christe_qui_splendor_in_sollemnitatibus.mp3,https://liberhymnarius.org/images/b/b5/244-christe_qui_splendor_in_sollemnitatibus.mp3,https://liberhymnarius.org/index.php?title=File:244-christe_qui_splendor_in_sollemnitatibus.mp3,1646147,audio/mp3,2012-02-06T12:36:49Z
253-maria_quae_mortalium.mp3,253-maria_quae_mortalium.mp3,https://liberhymnarius.org/images/a/a1/253-maria_quae_mortalium.mp3,https://liberhymnarius.org/index.php?title=File:253-maria_quae_mortalium.mp3,2330326,audio/mp3,2012-02-04T14:22:39Z
257-o_gloriosa_domina.mp3,257-o_gloriosa_domina.mp3,https://liberhymnarius.org/images/2/2a/257-o_gloriosa_domina.mp3,https://liberhymnarius.org/index.php?title=File:257-o_gloriosa_domina.mp3,1570890,audio/mp3,2012-02-05T22:11:28Z
264-quae_caritatis_fulgidum.mp3,264-quae_caritatis_fulgidum.mp3,https://liberhymnarius.org/images/c/cd/264-quae_caritatis_fulgidum.mp3,https://liberhymnarius.org/index.php?title=File:264-quae_caritatis_fulgidum.mp3,1772770,audio/mp3,2012-02-05T22:12:17Z
270-exsultet_caelum_laudibus.mp3,270-exsultet_caelum_laudibus.mp3,https://liberhymnarius.org/images/3/36/270-exsultet_caelum_laudibus.mp3,https://liberhymnarius.org/index.php?title=File:270-exsultet_caelum_laudibus.mp3,4761895,audio/mp3,2012-02-15T21:59:16Z
281-beate_martyr.mp3,281-beate_martyr.mp3,https://liberhymnarius.org/images/d/d9/281-beate_martyr.mp3,https://liberhymnarius.org/index.php?title=File:281-beate_martyr.mp3,3417738,audio/mp3,2012-02-25T16:36:39Z
282-o_christe_flos.mp3,282-o_christe_flos.mp3,https://liberhymnarius.org/images/6/68/282-o_christe_flos.mp3,https://liberhymnarius.org/index.php?title=File:282-o_christe_flos.mp3,2758198,audio/mp3,2012-02-25T16:54:15Z
316-inclitos_christi.mp3,316-inclitos_christi.mp3,https://liberhymnarius.org/images/e/e5/316-inclitos_christi.mp3,https://liberhymnarius.org/index.php?title=File:316-inclitos_christi.mp3,3921797,audio/mp3,2012-02-16T16:25:55Z
340_Igne_divini.mp3,340_Igne_divini.mp3,https://liberhymnarius.org/images/2/21/340_Igne_divini.mp3,https://liberhymnarius.org/index.php?title=File:340_Igne_divini.mp3,1530021,audio/mp3,2011-01-22T13:41:36Z
342_Pressi_malorum.mp3,342_Pressi_malorum.mp3,https://liberhymnarius.org/images/7/75/342_Pressi_malorum.mp3,https://liberhymnarius.org/index.php?title=File:342_Pressi_malorum.mp3,1522501,audio/mp3,2011-01-22T13:41:07Z
343_Excelsam_Pauli.mp3,343_Excelsam_Pauli.mp3,https://liberhymnarius.org/images/f/f4/343_Excelsam_Pauli.mp3,https://liberhymnarius.org/index.php?title=File:343_Excelsam_Pauli.mp3,2038785,audio/mp3,2011-01-22T13:40:01Z
347-adorna_sion.mp3,347-adorna_sion.mp3,https://liberhymnarius.org/images/2/2d/347-adorna_sion.mp3,https://liberhymnarius.org/index.php?title=File:347-adorna_sion.mp3,3890450,audio/mp3,2012-02-12T14:40:22Z
"355_Te,_Ioseph.mp3","355_Te,_Ioseph.mp3",https://liberhymnarius.org/images/0/01/355_Te%2C_Ioseph.mp3,"https://liberhymnarius.org/index.php?title=File:355_Te,_Ioseph.mp3",1652273,audio/mp3,2011-03-18T14:55:56Z
357_Iste_quem.mp3,357_Iste_quem.mp3,https://liberhymnarius.org/images/e/e9/357_Iste_quem.mp3,https://liberhymnarius.org/index.php?title=File:357_Iste_quem.mp3,1406512,audio/mp3,2011-03-18T14:55:20Z
358_Caelitum_Ioseph.mp3,358_Caelitum_Ioseph.mp3,https://liberhymnarius.org/images/f/fe/358_Caelitum_Ioseph.mp3,https://liberhymnarius.org/index.php?title=File:358_Caelitum_Ioseph.mp3,1596794,audio/mp3,2011-03-18T14:54:45Z
380_Barnabae_clarum.mp3,380_Barnabae_clarum.mp3,https://liberhymnarius.org/images/9/97/380_Barnabae_clarum.mp3,https://liberhymnarius.org/index.php?title=File:380_Barnabae_clarum.mp3,1634724,audio/mp3,2011-06-08T10:39:25Z
382_Ut_queant_laxis.mp3,382_Ut_queant_laxis.mp3,https://liberhymnarius.org/images/8/8e/382_Ut_queant_laxis.mp3,https://liberhymnarius.org/index.php?title=File:382_Ut_queant_laxis.mp3,1823642,audio/mp3,2011-06-23T14:48:17Z
384_Antra_deserti.mp3,384_Antra_deserti.mp3,https://liberhymnarius.org/images/5/5c/384_Antra_deserti.mp3,https://liberhymnarius.org/index.php?title=File:384_Antra_deserti.mp3,2274200,audio/mp3,2011-06-23T14:47:28Z
386_O_nimis.mp3,386_O_nimis.mp3,https://liberhymnarius.org/images/5/50/386_O_nimis.mp3,https://liberhymnarius.org/index.php?title=File:386_O_nimis.mp3,1826559,audio/mp3,2011-06-23T14:46:41Z
388_Aurea_luce.mp3,388_Aurea_luce.mp3,https://liberhymnarius.org/images/7/74/388_Aurea_luce.mp3,https://liberhymnarius.org/index.php?title=File:388_Aurea_luce.mp3,2629044,audio/mp3,2011-06-28T22:01:08Z
390_Felix.mp3,390_Felix.mp3,https://liberhymnarius.org/images/d/d2/390_Felix.mp3,https://liberhymnarius.org/index.php?title=File:390_Felix.mp3,1645581,audio/mp3,2011-06-28T22:01:39Z
391_Apostolorum.mp3,391_Apostolorum.mp3,https://liberhymnarius.org/images/c/c0/391_Apostolorum.mp3,https://liberhymnarius.org/index.php?title=File:391_Apostolorum.mp3,1971177,audio/mp3,2011-06-29T13:28:25Z
392_O_Roma_felix.mp3,392_O_Roma_felix.mp3,https://liberhymnarius.org/images/c/ca/392_O_Roma_felix.mp3,https://liberhymnarius.org/index.php?title=File:392_O_Roma_felix.mp3,1645170,audio/mp3,2011-06-29T13:29:34Z
409-dulcis_iesu_memoria.mp3,409-dulcis_iesu_memoria.mp3,https://liberhymnarius.org/images/c/c5/409-dulcis_iesu_memoria.mp3,https://liberhymnarius.org/index.php?title=File:409-dulcis_iesu_memoria.mp3,1592611,audio/mp3,2012-01-25T15:12:54Z
410_Novus_athleta.mp3,410_Novus_athleta.mp3,https://liberhymnarius.org/images/1/13/410_Novus_athleta.mp3,https://liberhymnarius.org/index.php?title=File:410_Novus_athleta.mp3,1582057,audio/mp3,2011-08-08T22:44:03Z
414-gaudium_mundi.mp3,414-gaudium_mundi.mp3,https://liberhymnarius.org/images/5/5d/414-gaudium_mundi.mp3,https://liberhymnarius.org/index.php?title=File:414-gaudium_mundi.mp3,3527452,audio/mp3,2012-02-27T11:16:42Z
424_Fulget_in_caelis_1.mp3,424_Fulget_in_caelis_1.mp3,https://liberhymnarius.org/images/c/cb/424_Fulget_in_caelis_1.mp3,https://liberhymnarius.org/index.php?title=File:424_Fulget_in_caelis_1.mp3,1976616,audio/mp3,2013-08-28T15:39:57Z
427_Anglorm.mp3,427_Anglorm.mp3,https://liberhymnarius.org/images/e/ea/427_Anglorm.mp3,https://liberhymnarius.org/index.php?title=File:427_Anglorm.mp3,2008370,audio/mp3,2011-09-05T23:32:36Z
428_O_Sancta.mp3,428_O_Sancta.mp3,https://liberhymnarius.org/images/1/19/428_O_Sancta.mp3,https://liberhymnarius.org/index.php?title=File:428_O_Sancta.mp3,1512253,audio/mp3,2011-09-05T23:33:35Z
429_Beata.mp3,429_Beata.mp3,https://liberhymnarius.org/images/e/eb/429_Beata.mp3,https://liberhymnarius.org/index.php?title=File:429_Beata.mp3,1424479,audio/mp3,2011-09-05T23:33:17Z
442_Festiva_vos.mp3,442_Festiva_vos.mp3,https://liberhymnarius.org/images/3/31/442_Festiva_vos.mp3,https://liberhymnarius.org/index.php?title=File:442_Festiva_vos.mp3,1501284,audio/mp3,2010-09-28T19:02:25Z
443_Tibi_Christe.mp3,443_Tibi_Christe.mp3,https://liberhymnarius.org/images/5/54/443_Tibi_Christe.mp3,https://liberhymnarius.org/index.php?title=File:443_Tibi_Christe.mp3,1361767,audio/mp3,2010-09-28T19:05:42Z
444_Angelum_Pacis.mp3,444_Angelum_Pacis.mp3,https://liberhymnarius.org/images/3/38/444_Angelum_Pacis.mp3,https://liberhymnarius.org/index.php?title=File:444_Angelum_Pacis.mp3,1124170,audio/mp3,2010-09-28T19:09:21Z
446_Festiva_canimus.mp3,446_Festiva_canimus.mp3,https://liberhymnarius.org/images/6/6e/446_Festiva_canimus.mp3,https://liberhymnarius.org/index.php?title=File:446_Festiva_canimus.mp3,1875642,audio/mp3,2010-10-04T15:09:36Z
448_Aeterne_rerum.mp3,448_Aeterne_rerum.mp3,https://liberhymnarius.org/images/8/8f/448_Aeterne_rerum.mp3,https://liberhymnarius.org/index.php?title=File:448_Aeterne_rerum.mp3,1420925,audio/mp3,2010-10-03T10:43:07Z
450_Orbis_parator.mp3,450_Orbis_parator.mp3,https://liberhymnarius.org/images/c/c1/450_Orbis_parator.mp3,https://liberhymnarius.org/index.php?title=File:450_Orbis_parator.mp3,1383077,audio/mp3,2010-10-03T10:59:49Z
451_Custodes_hominum.mp3,451_Custodes_hominum.mp3,https://liberhymnarius.org/images/1/14/451_Custodes_hominum.mp3,https://liberhymnarius.org/index.php?title=File:451_Custodes_hominum.mp3,1514755,audio/mp3,2010-10-23T13:13:55Z
453_In_caelesti_collegio.mp3,453_In_caelesti_collegio.mp3,https://liberhymnarius.org/images/8/8d/453_In_caelesti_collegio.mp3,https://liberhymnarius.org/index.php?title=File:453_In_caelesti_collegio.mp3,1632763,audio/mp3,2010-10-23T13:14:20Z
454_Te_gestientem.mp3,454_Te_gestientem.mp3,https://liberhymnarius.org/images/6/62/454_Te_gestientem.mp3,https://liberhymnarius.org/index.php?title=File:454_Te_gestientem.mp3,1677878,audio/mp3,2010-10-23T12:14:33Z
455_Regis_superni.mp3,455_Regis_superni.mp3,https://liberhymnarius.org/images/0/0c/455_Regis_superni.mp3,https://liberhymnarius.org/index.php?title=File:455_Regis_superni.mp3,931704,audio/mp3,2010-10-23T11:12:05Z
456_Haec_est_dies.mp3,456_Haec_est_dies.mp3,https://liberhymnarius.org/images/1/1a/456_Haec_est_dies.mp3,https://liberhymnarius.org/index.php?title=File:456_Haec_est_dies.mp3,726453,audio/mp3,2010-10-23T11:05:49Z
457_Plausibus_Luca.mp3,457_Plausibus_Luca.mp3,https://liberhymnarius.org/images/8/8c/457_Plausibus_Luca.mp3,https://liberhymnarius.org/index.php?title=File:457_Plausibus_Luca.mp3,1861014,audio/mp3,2010-10-23T13:14:44Z
459_Commune_vos.mp3,459_Commune_vos.mp3,https://liberhymnarius.org/images/9/9d/459_Commune_vos.mp3,https://liberhymnarius.org/index.php?title=File:459_Commune_vos.mp3,1689325,audio/mp3,2010-10-23T13:15:08Z
460_Christe_redemptor.mp3,460_Christe_redemptor.mp3,https://liberhymnarius.org/images/d/d2/460_Christe_redemptor.mp3,https://liberhymnarius.org/index.php?title=File:460_Christe_redemptor.mp3,1641935,audio/mp3,2010-12-25T19:15:30Z
462_Christe_caelorum.mp3,462_Christe_caelorum.mp3,https://liberhymnarius.org/images/6/6d/462_Christe_caelorum.mp3,https://liberhymnarius.org/index.php?title=File:462_Christe_caelorum.mp3,1751503,audio/mp3,2010-10-23T13:16:04Z
463_Iesu_salvator.mp3,463_Iesu_salvator.mp3,https://liberhymnarius.org/images/5/53/463_Iesu_salvator.mp3,https://liberhymnarius.org/index.php?title=File:463_Iesu_salvator.mp3,1900581,audio/mp3,2010-10-23T13:18:00Z
466-iste_confessor.mp3,466-iste_confessor.mp3,https://liberhymnarius.org/images/d/db/466-iste_confessor.mp3,https://liberhymnarius.org/index.php?title=File:466-iste_confessor.mp3,4026496,audio/mp3,2012-02-27T11:47:09Z
468_Iam_bone.mp3,468_Iam_bone.mp3,https://liberhymnarius.org/images/f/f4/468_Iam_bone.mp3,https://liberhymnarius.org/index.php?title=File:468_Iam_bone.mp3,2008372,audio/mp3,2011-11-17T16:10:04Z
470_Salve_mater.mp3,470_Salve_mater.mp3,https://liberhymnarius.org/images/3/39/470_Salve_mater.mp3,https://liberhymnarius.org/index.php?title=File:470_Salve_mater.mp3,1532946,audio/mp3,2011-11-17T16:28:50Z
473_Fortem_piumque.mp3,473_Fortem_piumque.mp3,https://liberhymnarius.org/images/2/21/473_Fortem_piumque.mp3,https://liberhymnarius.org/index.php?title=File:473_Fortem_piumque.mp3,2646810,audio/mp3,2011-12-07T08:31:37Z
475_Praeclara_custos.mp3,475_Praeclara_custos.mp3,https://liberhymnarius.org/images/9/93/475_Praeclara_custos.mp3,https://liberhymnarius.org/index.php?title=File:475_Praeclara_custos.mp3,2145262,audio/mp3,2011-12-07T17:04:48Z
476_Te_dicimus.mp3,476_Te_dicimus.mp3,https://liberhymnarius.org/images/0/0e/476_Te_dicimus.mp3,https://liberhymnarius.org/index.php?title=File:476_Te_dicimus.mp3,2067411,audio/mp3,2011-12-07T17:04:28Z
477_In_plausu.mp3,477_In_plausu.mp3,https://liberhymnarius.org/images/b/b4/477_In_plausu.mp3,https://liberhymnarius.org/index.php?title=File:477_In_plausu.mp3,2109728,audio/mp3,2011-12-07T17:04:03Z
481_Virginis_virgo.mp3,481_Virginis_virgo.mp3,https://liberhymnarius.org/images/8/82/481_Virginis_virgo.mp3,https://liberhymnarius.org/index.php?title=File:481_Virginis_virgo.mp3,1799294,audio/mp3,2010-12-26T20:12:35Z
483_Cohors_beata.mp3,483_Cohors_beata.mp3,https://liberhymnarius.org/images/1/13/483_Cohors_beata.mp3,https://liberhymnarius.org/index.php?title=File:483_Cohors_beata.mp3,1347896,audio/mp3,2010-12-26T20:11:49Z
484_Hymnum_canentes.mp3,484_Hymnum_canentes.mp3,https://liberhymnarius.org/images/4/4f/484_Hymnum_canentes.mp3,https://liberhymnarius.org/index.php?title=File:484_Hymnum_canentes.mp3,1450404,audio/mp3,2010-12-27T21:35:40Z
485_Audit_tyrannus.mp3,485_Audit_tyrannus.mp3,https://liberhymnarius.org/images/d/da/485_Audit_tyrannus.mp3,https://liberhymnarius.org/index.php?title=File:485_Audit_tyrannus.mp3,1278935,audio/mp3,2010-12-27T21:36:15Z
48_Audi.mp3,48_Audi.mp3,https://liberhymnarius.org/images/5/59/48_Audi.mp3,https://liberhymnarius.org/index.php?title=File:48_Audi.mp3,1179241,audio/mp3,2011-03-10T09:47:04Z
"49_Iesu,_quadragenariae.mp3","49_Iesu,_quadragenariae.mp3",https://liberhymnarius.org/images/0/0c/49_Iesu%2C_quadragenariae.mp3,"https://liberhymnarius.org/index.php?title=File:49_Iesu,_quadragenariae.mp3",1125340,audio/mp3,2011-03-10T09:48:43Z
51_Christe_qui_splendor.mp3,51_Christe_qui_splendor.mp3,https://liberhymnarius.org/images/2/2f/51_Christe_qui_splendor.mp3,https://liberhymnarius.org/index.php?title=File:51_Christe_qui_splendor.mp3,834754,audio/mp3,2011-03-10T10:10:44Z
51_Te_lucis.mp3,51_Te_lucis.mp3,https://liberhymnarius.org/images/1/18/51_Te_lucis.mp3,https://liberhymnarius.org/index.php?title=File:51_Te_lucis.mp3,688351,audio/mp3,2011-03-10T09:48:28Z
527_Te_Deum.mp3,527_Te_Deum.mp3,https://liberhymnarius.org/images/6/62/527_Te_Deum.mp3,https://liberhymnarius.org/index.php?title=File:527_Te_Deum.mp3,1931807,audio/mp3,2010-09-22T15:57:43Z
52_Christum_Dominum.mp3,52_Christum_Dominum.mp3,https://liberhymnarius.org/images/e/e0/52_Christum_Dominum.mp3,https://liberhymnarius.org/index.php?title=File:52_Christum_Dominum.mp3,5291449,audio/mp3,2012-02-21T20:22:13Z
52_Ex_more.mp3,52_Ex_more.mp3,https://liberhymnarius.org/images/b/b9/52_Ex_more.mp3,https://liberhymnarius.org/index.php?title=File:52_Ex_more.mp3,1170780,audio/mp3,2011-03-10T09:48:13Z
54_Nunc_tempus.mp3,54_Nunc_tempus.mp3,https://liberhymnarius.org/images/5/5e/54_Nunc_tempus.mp3,https://liberhymnarius.org/index.php?title=File:54_Nunc_tempus.mp3,896185,audio/mp3,2011-03-10T09:59:46Z
55_Precemur_omnes.mp3,55_Precemur_omnes.mp3,https://liberhymnarius.org/images/d/d3/55_Precemur_omnes.mp3,https://liberhymnarius.org/index.php?title=File:55_Precemur_omnes.mp3,1251662,audio/mp3,2011-03-10T09:48:00Z
56_Dei_fide.mp3,56_Dei_fide.mp3,https://liberhymnarius.org/images/3/38/56_Dei_fide.mp3,https://liberhymnarius.org/index.php?title=File:56_Dei_fide.mp3,655437,audio/mp3,2011-03-10T09:47:49Z
56_Iam_Christe.mp3,56_Iam_Christe.mp3,https://liberhymnarius.org/images/9/93/56_Iam_Christe.mp3,https://liberhymnarius.org/index.php?title=File:56_Iam_Christe.mp3,1080505,audio/mp3,2011-03-10T09:47:36Z
57_Qua_Christus.mp3,57_Qua_Christus.mp3,https://liberhymnarius.org/images/4/43/57_Qua_Christus.mp3,https://liberhymnarius.org/index.php?title=File:57_Qua_Christus.mp3,667040,audio/mp3,2011-03-10T09:47:25Z
57_Ternis_ter.mp3,57_Ternis_ter.mp3,https://liberhymnarius.org/images/6/64/57_Ternis_ter.mp3,https://liberhymnarius.org/index.php?title=File:57_Ternis_ter.mp3,699325,audio/mp3,2011-03-10T09:47:14Z
58-vexilla_regis_prodeunt.mp3,58-vexilla_regis_prodeunt.mp3,https://liberhymnarius.org/images/1/1c/58-vexilla_regis_prodeunt.mp3,https://liberhymnarius.org/index.php?title=File:58-vexilla_regis_prodeunt.mp3,3641437,audio/mp3,2012-01-20T17:38:41Z
60-vexilla_regis_prodeunt.mp3,60-vexilla_regis_prodeunt.mp3,https://liberhymnarius.org/images/1/13/60-vexilla_regis_prodeunt.mp3,https://liberhymnarius.org/index.php?title=File:60-vexilla_regis_prodeunt.mp3,3309314,audio/mp3,2012-01-20T17:41:20Z
61-pange_lingua_proelium.mp3,61-pange_lingua_proelium.mp3,https://liberhymnarius.org/images/4/4c/61-pange_lingua_proelium.mp3,https://liberhymnarius.org/index.php?title=File:61-pange_lingua_proelium.mp3,3771438,audio/mp3,2012-01-27T12:10:21Z
63-en_acetum.mp3,63-en_acetum.mp3,https://liberhymnarius.org/images/4/4c/63-en_acetum.mp3,https://liberhymnarius.org/index.php?title=File:63-en_acetum.mp3,3014525,audio/mp3,2012-02-08T15:36:30Z
65-celsae_salutis_gaudia.mp3,65-celsae_salutis_gaudia.mp3,https://liberhymnarius.org/images/4/40/65-celsae_salutis_gaudia.mp3,https://liberhymnarius.org/index.php?title=File:65-celsae_salutis_gaudia.mp3,1372363,audio/mp3,2012-02-08T15:53:26Z
67-salva_redemptor.mp3,67-salva_redemptor.mp3,https://liberhymnarius.org/images/9/98/67-salva_redemptor.mp3,https://liberhymnarius.org/index.php?title=File:67-salva_redemptor.mp3,2124990,audio/mp3,2012-02-13T14:00:53Z
68-crux_mundi.mp3,68-crux_mundi.mp3,https://liberhymnarius.org/images/3/34/68-crux_mundi.mp3,https://liberhymnarius.org/index.php?title=File:68-crux_mundi.mp3,1252291,audio/mp3,2012-02-13T14:22:02Z
69-christe_caelorum.mp3,69-christe_caelorum.mp3,https://liberhymnarius.org/images/1/1e/69-christe_caelorum.mp3,https://liberhymnarius.org/index.php?title=File:69-christe_caelorum.mp3,2858509,audio/mp3,2012-02-14T13:26:57Z
69-per_crucem.mp3,69-per_crucem.mp3,https://liberhymnarius.org/images/1/13/69-per_crucem.mp3,https://liberhymnarius.org/index.php?title=File:69-per_crucem.mp3,1271100,audio/mp3,2012-02-13T14:31:41Z
71-tibi_redemptor.mp3,71-tibi_redemptor.mp3,https://liberhymnarius.org/images/9/9f/71-tibi_redemptor.mp3,https://liberhymnarius.org/index.php?title=File:71-tibi_redemptor.mp3,3007720,audio/mp3,2012-02-14T14:21:23Z
74_Ad_cenam.mp3,74_Ad_cenam.mp3,https://liberhymnarius.org/images/8/81/74_Ad_cenam.mp3,https://liberhymnarius.org/index.php?title=File:74_Ad_cenam.mp3,1563558,audio/mp3,2011-05-14T14:22:06Z
76_O_rex_aeternae.mp3,76_O_rex_aeternae.mp3,https://liberhymnarius.org/images/e/eb/76_O_rex_aeternae.mp3,https://liberhymnarius.org/index.php?title=File:76_O_rex_aeternae.mp3,1458238,audio/mp3,2011-05-14T14:21:23Z
77_Iesum_redemptor.mp3,77_Iesum_redemptor.mp3,https://liberhymnarius.org/images/4/45/77_Iesum_redemptor.mp3,https://liberhymnarius.org/index.php?title=File:77_Iesum_redemptor.mp3,878948,audio/mp3,2011-05-14T14:18:15Z
79_Hic_est_dies.mp3,79_Hic_est_dies.mp3,https://liberhymnarius.org/images/e/e2/79_Hic_est_dies.mp3,https://liberhymnarius.org/index.php?title=File:79_Hic_est_dies.mp3,1652587,audio/mp3,2011-05-14T14:26:49Z
81_Laetare_caelum.mp3,81_Laetare_caelum.mp3,https://liberhymnarius.org/images/c/c7/81_Laetare_caelum.mp3,https://liberhymnarius.org/index.php?title=File:81_Laetare_caelum.mp3,1547264,audio/mp3,2011-05-14T14:26:00Z
82_Aurora_lucis.mp3,82_Aurora_lucis.mp3,https://liberhymnarius.org/images/8/83/82_Aurora_lucis.mp3,https://liberhymnarius.org/index.php?title=File:82_Aurora_lucis.mp3,998377,audio/mp3,2011-05-14T14:25:09Z
83_Chorus_novae.mp3,83_Chorus_novae.mp3,https://liberhymnarius.org/images/d/d8/83_Chorus_novae.mp3,https://liberhymnarius.org/index.php?title=File:83_Chorus_novae.mp3,1397110,audio/mp3,2011-05-14T14:24:36Z
85_Iam_surgit.mp3,85_Iam_surgit.mp3,https://liberhymnarius.org/images/c/c8/85_Iam_surgit.mp3,https://liberhymnarius.org/index.php?title=File:85_Iam_surgit.mp3,704654,audio/mp3,2011-05-14T14:23:35Z
86_Venite_servi.mp3,86_Venite_servi.mp3,https://liberhymnarius.org/images/f/f6/86_Venite_servi.mp3,https://liberhymnarius.org/index.php?title=File:86_Venite_servi.mp3,695879,audio/mp3,2011-05-14T14:23:03Z
87_Haec_hora.mp3,87_Haec_hora.mp3,https://liberhymnarius.org/images/f/fd/87_Haec_hora.mp3,https://liberhymnarius.org/index.php?title=File:87_Haec_hora.mp3,721894,audio/mp3,2011-05-14T14:22:32Z
88_Iesu.mp3,88_Iesu.mp3,https://liberhymnarius.org/images/6/68/88_Iesu.mp3,https://liberhymnarius.org/index.php?title=File:88_Iesu.mp3,1176733,audio/mp3,2011-06-02T13:05:00Z
90_Veni_creator.mp3,90_Veni_creator.mp3,https://liberhymnarius.org/images/9/90/90_Veni_creator.mp3,https://liberhymnarius.org/index.php?title=File:90_Veni_creator.mp3,1236927,audio/mp3,2011-06-02T13:02:54Z
92_Aeterne_rex.mp3,92_Aeterne_rex.mp3,https://liberhymnarius.org/images/b/ba/92_Aeterne_rex.mp3,https://liberhymnarius.org/index.php?title=File:92_Aeterne_rex.mp3,1709024,audio/mp3,2011-06-02T13:01:13Z
94_Optatus.mp3,94_Optatus.mp3,https://liberhymnarius.org/images/2/27/94_Optatus.mp3,https://liberhymnarius.org/index.php?title=File:94_Optatus.mp3,1995204,audio/mp3,2011-06-02T13:00:13Z
96_Iesu_redemptor.mp3,96_Iesu_redemptor.mp3,https://liberhymnarius.org/images/2/23/96_Iesu_redemptor.mp3,https://liberhymnarius.org/index.php?title=File:96_Iesu_redemptor.mp3,1216867,audio/mp3,2011-06-07T09:19:09Z
98_Lux_iucunda.mp3,98_Lux_iucunda.mp3,https://liberhymnarius.org/images/d/d6/98_Lux_iucunda.mp3,https://liberhymnarius.org/index.php?title=File:98_Lux_iucunda.mp3,1025648,audio/mp3,2011-06-07T09:18:32Z
99_Beata_nobis.mp3,99_Beata_nobis.mp3,https://liberhymnarius.org/images/3/38/99_Beata_nobis.mp3,https://liberhymnarius.org/index.php?title=File:99_Beata_nobis.mp3,1679858,audio/mp3,2011-06-07T09:18:01Z
"Rerum,_Deus,_fons_omnium.mp3","Rerum,_Deus,_fons_omnium.mp3",https://liberhymnarius.org/images/7/7a/Rerum%2C_Deus%2C_fons_omnium.mp3,"https://liberhymnarius.org/index.php?title=File:Rerum,_Deus,_fons_omnium.mp3",931548,audio/mp3,2010-10-24T22:02:59Z
Rerum_Deus_fons.mp3,Rerum_Deus_fons.mp3,https://liberhymnarius.org/images/8/85/Rerum_Deus_fons.mp3,https://liberhymnarius.org/index.php?title=File:Rerum_Deus_fons.mp3,931548,audio/mp3,2010-10-24T20:44:32Z
